Pays;1995;1996;1997;1998;1999;2000;2001;2002;2003;2004;2005;2006;2007;2008;2009;2010;2011;2012;2013;2014;2015;2016;2017;2018;2019;2020;2021;2022
Afghanistan;NULL;NULL;NULL;NULL;NULL;NULL;NULL;3854235264;4539496563;5220825048;6226198934;6971383338;9715765105;10249770318;12154835707;15633843661;18190413831;20203572959;20564485419;20550582746;19998143635;18019554403;18896353155;18418860354;18904502222;20143451705;14583135236;NULL
Albania;2392764853;3199640825;2258513974;2545964540;3212121651;3480355258;3922100793;4348068242;5611496257;7184685781;8052077209;8896074996;10677324872;12881352878;12044205572;11926926654;12890760272;12319834233;12776224537;13228147516;11386853143;11861199830;13019726211;15156424062;15401826080;15162734205;17930565118;18882095517
Algeria;41764291963;46941553939;48177612042;48187781711;48640671735;54790398813;54744698044;56760355865;67863850334;85332581188;103198211973;117027280692;134977082623;171000699876;137211004291;161207306304;200013097903;209059081828;209755003250;213809980720;165979224316;160034212613;170096989042;174910891124;171760290068;145743722826;163472233245;191912889420
American Samoa;NULL;NULL;NULL;NULL;NULL;NULL;NULL;512000000;524000000;509000000;500000000;493000000;518000000;560000000;675000000;573000000;570000000;640000000;638000000;643000000;673000000;671000000;612000000;639000000;647000000;716000000;709000000;NULL
Andorra;1178745314;1224023415;1180646068;1211953953;1239840269;1429048105;1546912331;1755989899;2361635782;2895047587;3159826891;3456265061;3952397734;4085781938;3674188229;3449925738;3629133574;3188652765;3193512950;3271685596;2789881258;2896610479;3000162081;3218419896;3155149347;2891001149;3325145406;3352032737
Angola;5561222222;7526963964;7648377412;6506229607;6152922943;9129594818;8936079252;15285592487;17812704626;23552057820;36970901025;52381025105;65266415707;88538664888;70307196477;81699526880;109436566876;124998210652;133401582620;137244439121;87219300384;49840491178;68972769395;77792944471;69309110145;50241368243;65685435100;106713618735
Antigua and Barbuda;577281481;633729629;680618518;727859259;766200000;826370370;800481481;814381481;856396296;919729629;1022962963;1157662963;1312759259;1370070370;1228329629;1148700000;1137637037;1199948148;1181448148;1249733333;1336692592;1436585185;1467955555;1604770370;1675403703;1416348148;1560518518;1757603703
Argentina;258031750000;272149750000;292859000000;298948250000;283523000000;284203750000;268696750000;97724004251;127586973492;164657930452;198737095012;232557260817;287530508430;361558037110;332976484577;423627422092;530158176673;545982375701;552025140252;526319673731;594749285413;557532317363;643628396190;524819898586;447754686715;385540406815;487227125385;632770284408
Armenia;1468317435;1596968946;1639492444;1893726437;1845482173;1911563668;2118467913;2376335048;2807061008;3576615240;4900469515;6384452070;9206301264;11662040703;8647937090;9260285762;10142111812;10619320692;11121464429;11609513241;10553337527;10546136240;11527458712;12457940705;13619290545;12641698593;13861409968;19502783987
Aruba;1320670391;1379888268;1531843575;1665363128;1722905027;1873184357;1896648044;1962011173;2044134078;2254748603;2359776536;2469832402;2677653631;2843016759;2553631284;2453631284;2637988826;2615083798;2727932960;2791061452;2963128491;2983798882;3092178770;3276187709;3395793854;2610038938;3126019385;NULL
Australia;368140778140;401310823652;435613768960;399660855999;389389647825;415844972940;379357823192;395573025330;467497961560;614326362213;695305000206;747907432136;854427259166;1055686110665;928629769751;1148569537284;1398456161407;1546952690140;1576329690003;1467589901175;1350580336316;1206562910556;1326467487376;1428266513154;1392218527563;1326944627876;1552703151616;1675418665067
Austria;241038283062;237250948791;212790348404;218259904402;217259147050;197289625479;197508773215;214394866675;262273631180;301457562038;316092273276;336280064332;389185571506;432051935642;401758735822;392275107258;431685217367;409401816050;430190979706;442584815286;381971148530;395837353031;417261151845;454991174096;444621176100;435225238000;480368403893;471400066091
Azerbaijan;2417332562;3176507991;3962362387;4446370371;4581246713;5272617196;5707618246;6236086669;7276413079;8680410157;13245421880;20981929497;33049426816;48851318825;44292408816;52909294791;65952763948;69679913509;74160553008;75239737488;53076244754;37867007022;40866632047;47112479289;48174235294;42693000000;54825411764;78721058823
Bahamas The;3429000000;3609000000;6332360000;6833220000;7683870000;8076470000;8317830000;8881160000;8870090000;9055290000;9836200000;10167250000;10618340000;10526000000;9981960000;10095760000;10070450000;10720500000;10562800000;11176100000;11672900000;11750800000;12253500000;12653600000;13058700000;9754600000;11527600000;12897400000
Bahrain;5849468272;6101861963;6349202984;6183777212;6621010739;9062898936;8976196808;9593510638;11074813829;13150159574;15968723404;18504760638;21730000000;25710904255;22938218085;25713271276;28776595744;30749308510;32539468085;33387712766;31050638297;32234973404;35473776595;37802005319;38653318085;34621807712;39303403989;44390820478
Bangladesh;37939748768;46438484107;48244309133;49984559471;51270569883;53369787318;53991289844;54724081490;60158929188;65108544250;69442943089;71819083683;79611888213;91631278239;102477779060;115279077465;128637983882;133355819704;149990529207;172885432686;195078574089;265236389198;293754769935;321379163135;351238397263;373902196399;416264802185;460201000095
Barbados;2216974096;2363645403;2498384129;2817083478;2951822204;3059500000;3054500000;3106500000;3209500000;3444500000;3819500000;4217450800;4674007450;4784925100;4465657300;4529928300;4657699450;4610096000;4677248300;4696344350;4724691200;4832811750;4981588900;5097283200;5324250000;4671800000;4843800000;5637914514
Belarus;13972676840;14756846153;14128408565;15222012660;12138486532;12736856828;12354820143;14594928109;17825437482;23141593074;30210091836;36961822468;45275747157;60752177438;50873181571;57231904542;61762340943;65685903570;75527537703;78812785767;56454895054;47723549319;54725311690;60031163987;64410112583;61371755326;69673747131;72793457588
Belgium;288025588396;279201433224;252708051420;258528339631;258245733221;236792460312;236746141604;258383599375;318082528506;369214712443;385714762230;408259840868;470922156309;517328087920;483254171097;481420882905;523330354138;496152879924;521791015247;535390200131;462335574841;476062757356;502764720556;543299066998;535865692402;525213067068;594351961634;578604103123
Belize;818500000;851500000;868000000;914000000;975000000;1116000000;1163000000;1233000000;1298000000;1389500000;1461500000;1581000000;1696000000;1729000000;1680500000;1738500000;1819500000;1903000000;2029500000;2138000000;2210500000;2258500000;2286000000;2315000000;2416500000;2080000000;2491500000;2824081836
Benin;2169627138;2361116448;2268301645;2455092688;3677393996;3519991440;3666222633;4194342689;5349258092;6190270377;6567654958;7034111316;8169048374;9787734516;9738626509;9535345011;10693321370;11141358106;12517845127;13284527850;11388160997;11821065852;12701655846;14262408079;14391686309;15651545208;17690083519;17401746309
Bermuda;2030750000;2695390000;2932827000;3130748000;3324433000;3480219000;3680483000;3937228000;4186525000;4484703000;4868136000;6144000000;6767000000;6980000000;6656000000;6634526000;6312691000;6378188000;6465756000;6413988000;6654541000;6899911000;7142316000;7225977000;7423465000;6887147000;7127200000;7550500000
Bhutan;290490986;303408342;352229078;363458380;399311196;424448931;461479580;520846131;603999372;682577073;796938572;874989734;1168307574;1227809261;1234015141;1547990907;1777102585;1781280170;1756214303;1907090361;2003596824;2158971717;2450366107;2446867582;2535655609;2325185520;2539551327;NULL
Bolivia;6715162198;7396948397;7925736318;8497494138;8285063959;8397855937;8141517339;7905485146;8082399991;8773451751;9549122313;11451845378;13120107738;16674276979;17339992193;19649724655;23963162969;27084497481;30659338885;32996188017;33000198248;33941126193;37508642170;40287647930;40895322850;36629843806;40408208523;43068885672
Bosnia and Herzegovina;1866572953;2786045321;3671910026;4116775275;4686255380;5567774049;5800616572;6728219506;8498893358;10156541358;11222796196;12864842268;15778737117;19112801196;17613946109;17176320823;18644239027;17226736284;18179104548;18558731212;16404352155;17116926092;18326376394;20484048415;20482603346;20226030731;23649566069;24527507287
Botswana;4730599690;4847757703;5020265168;4790481509;5484263050;5788329609;5489608299;5438864269;7511582173;8957467706;9918907108;9919158482;10567270655;10730828592;10118459713;12637273429;15110642875;13907464500;14271738366;15470087926;13530749289;15082636722;16105156375;17031943186;16725908661;14960291540;18737066307;20352322157
Brazil;769333330439;850426432991;883206452832;863711007338;599642075039;655448188246;559983704075;509795270707;558233724160;669289321953;891633826582;1107626711436;1397114247287;1695855391816;1666996294324;2208838108593;2616156606734;2465228293862;2472819362259;2456043766063;1802211999555;1795693265824;2063514688761;1916933708404;1873288159000;1476107292036;1649622972159;1920095560995
British Virgin Islands;NULL;NULL;NULL;NULL;NULL;NULL;NULL;NULL;NULL;NULL;NULL;NULL;NULL;NULL;NULL;NULL;NULL;NULL;NULL;NULL;NULL;NULL;NULL;NULL;NULL;NULL;NULL;NULL
Brunei Darussalam;4734103536;5115454694;5197312555;4051143193;4600117603;6001280943;5601020247;5843367180;6557395815;7872201250;9531417164;11470462364;12247680702;14393437610;10732592999;13707275498;18525128229;19048443089;18094326392;17097801092;12930292949;11400467372;12128182463;13567164445;13469240162;12005795914;14006497000;16681531645
Bulgaria;18991531542;12294987876;11316126257;15031052200;13627325461;13245990274;14183443861;16403043849;21144962058;26157744752;29868651533;34380543845;44432811756;54480697770;52023813557;50754203890;57735709913;54290156342;55844245263;57159557804;50828088835;53987487124;59343060705;66399602077;68911930627;70404359049;84061395658;89040398406
Burkina Faso;2379517975;2586550594;2447669100;2804902369;3389566710;2968370087;3190371079;3622350065;4740768141;5451688534;6146353177;6547419821;7625722829;9451435480;9450696866;10109619736;12080295984;12561015145;13444300489;13943016080;11832159316;12833363044;14106955625;15890066209;16178161666;17933606212;19737616003;18884619613
Burundi;1000428393;869033856;972896267;893770739;808077223;870486065;876794723;825394519;784654423;915257323;1117113080;1273375078;1356199386;1611835856;1781455140;2032135191;2235820808;2333341334;2451606631;2705783330;3104003545;2644487777;2723586962;2667182199;2576518879;2649680261;2775798697;3073414677
Cabo Verde;487148993;501979271;490608657;521910560;592416703;539227277;563090488;620507385;813260468;924940012;972241682;1107571459;1649621735;1959620652;1852334581;1824751459;2046817974;1913081206;2028910915;2041930125;1749857628;1849789992;1996741544;2205099509;2266752197;1878277311;2091741774;2314816792
Cambodia;3441205692;3506695719;3443413388;3120425502;3517242477;3654031716;3984000517;4284028482;4658246918;5337833248;6293046161;7274595706;8639235913;10351914178;10401851766;11242275288;12829541141;14054443213;15227991395;16702610842;18049954289;20016747858;22177200588;24571753581;27089390032;25872797892;26961061152;29956769529
Cameroon;10864772473;11093538840;10789458426;11298144998;11565826458;10566579294;10953485345;12417251341;15970315030;18826214125;19509852219;20910512978;23928250410;27715142005;27932970297;27507501809;30630910513;30155062302;33728621190;36386544716;32210233021;33814337040;36098547058;39973842058;39670976440;40773241211;45338285386;44341646509
Canada;605941036992;630597987889;654987932556;633997734246;678409995711;744773415931;738962729044;760649334098;895540646634;1026690238278;1173108598778;1319264809591;1468820407783;1552989690721;1374625142157;1617343367486;1793326630174;1828366481521;1846597421835;1805749878439;1556508816217;1527994741907;1649265644244;1725297938435;1743725183672;1647598402302;2001486745423;2139840023673
Cayman Islands;NULL;NULL;NULL;NULL;NULL;NULL;NULL;NULL;NULL;NULL;NULL;4200288282;4466278030;4585948969;4281714618;4156841163;4186073160;4291004485;4405796081;4562853582;4708167255;4909322200;5166281293;5530178498;5941896599;5647224973;6028373541;NULL
Central African Republic;1115389673;1007791126;937741512;967338390;999477510;916777282;932648604;996068145;1142315522;1272360516;1337894379;1461859762;1699811293;1993407886;2067381663;2142591539;2437982706;2510126510;1691544110;1894813389;1695825714;1825018144;2072349974;2220979144;2221301350;2326720902;2516498412;2382618615
Chad;1445919894;1607345354;1544689576;1744794532;1534673583;1388506771;1710843376;1997005710;2742815070;4422855658;6649307528;7428701455;8650137734;10393833755;9290728312;10668103549;12172308858;12367362746;12953534870;13940767222;10950392257;10097778097;10000394388;11239167890;11314951088;10715396051;11779981332;12704149842
Channel Islands;NULL;NULL;NULL;5945677376;6262740656;6439703434;6232906290;6663669064;7332244898;8553643354;8827272727;9676172953;11514605842;NULL;NULL;NULL;NULL;NULL;NULL;NULL;NULL;9511207129;9530244530;10422948632;10381669645;9811538461;11735662219;NULL
Chile;73446446283;78575020639;85728899954;81995749804;75596598517;78249883995;71517267767;70295232513;76507853875;99079365628;122314960843;153840051814;172565861848;179663390874;171412643624;217105434199;251224856981;267175870677;277239473853;259405194672;242496655711;249298706449;276364936832;295402646018;278493308134;254096103516;316713577508;301025249437
China;734484863889;863749314718;961602019650;1029060706187;1094010482677;1211331627479;1339400843164;1470557565965;1660280610709;1955346808095;2285961242869;2752118542130;3550327569655;4594336785737;5101691085626;6087191720866;7551545321799;8532185615746;9570470577244;10475624783235;11061573199439;11233314018690;12310491176727;13894907485398;14279968485748;14687743556969;17820459342451;17963170521079
Colombia;92495970511;97153389010;106656492324;98486358604;86278947620;99875074935;98200641189;97945812789;94644969146;117092416651;145600527535;161792959247;206229536757;242504150472;232468666665;286498534095;334966134865;370691143086;382093697077;381240864422;293492370228;282720100286;311866875135;334198218100;323031701210;270150956772;318511813577;343939445259
Comoros;398461796;396053806;364445600;370106746;382454989;351136579;378512024;425964681;546885223;633706110;653845169;698431794;795673153;915659107;905341174;907978731;1023086272;1015843491;1116224107;1149587659;966029599;1012835492;1077439756;1188797450;1195019531;1225039195;1296089479;1242519407
Congo DemRep;5643439376;5771454939;6090840548;6217806273;4711259427;19088046305;7438189100;8728038525;8937567059;10297483481;11964484457;14451901696;16737071816;19788515579;18648372544;21565721036;25839749198;29306235295;32679745036;35909040943;37917706485;37134801548;38019264804;47568210020;51775829868;48716961864;55350968593;58065953573
Congo Rep;2116003868;2540697537;2322719101;1949481380;2354772959;3227927697;2796704603;3034250926;3503723086;4656974937;6650001684;8072305030;8782703428;11649857662;9723299908;13148396205;15655383586;17692911280;17958720704;17912907682;11890259176;10219341017;11094823676;13670038019;12750338736;10483151093;13366230821;14615532210
Costa Rica;11578594259;11678424507;12614602382;13684255946;14254866281;15013629658;15976174337;16578820687;17271760506;18610594846;20040642477;22715540324;26884700345;30801744881;30745714326;37658614803;42762613705;47231655433;50949668886;52016408923;56441920823;58847019584;60516044623;62420164964;64417670555;62395610764;64616482167;68380838316
Cote d'Ivoire;11000146268;18071152821;18047558026;19619654770;18870992455;16577533891;16810537038;18054383333;21251754334;23510575668;24036918719;25281413268;28760090924;34078240260;33886813225;34936307964;36693710822;36302302844;42760235496;48843005625;45815005170;48407761031;52512344034;58522477744;59898479821;62982768371;71811075954;70018715016
Croatia;22778305790;24147539209;24172608178;25885225293;23770159784;22128719418;23063323722;26757255951;35254833028;41855265955;45025328213;49532592592;59172904660;68342061762;61941466003;58693611581;62599775593;57231455635;59363124068;59214461630;50742086222;52391038979;55937483557;61330483609;61329267533;57624938982;68843674641;70964606464
Cuba;30429803651;25017368700;25365908100;25736331200;28364615200;30565400000;31682400000;33590500000;35901200000;38203000000;42643836100;48835925925;54262870370;56302129629;57481481481;59562962963;68990000000;73141000000;77148000000;80656000000;87133000000;91370000000;96851000000;100050000000;103428000000;107352000000;NULL;NULL
Curacao;NULL;NULL;NULL;NULL;NULL;NULL;NULL;NULL;NULL;NULL;NULL;NULL;NULL;NULL;NULL;NULL;2933128491;3024525139;3039944134;3048435754;3042737430;3014748603;3009497206;3020388826;2995185474;2496174748;2699612458;NULL
Cyprus;9933133247;10011918444;9547818700;10248617647;10497908306;9985844486;10397897085;11420227884;14547325028;17320552500;18433411267;20072786350;23968764029;27844698989;25945391775;25799940416;27641551809;25047433099;23959708956;23225912183;19909269064;21046452117;22946583375;25597301190;25945194240;25008266159;28408064462;28439052740
Czechia;60145663258;67388492013;62180519005;66807498696;65173036730;61823494487;67808695573;82196206089;100090467581;119814667457;137143375920;156264210926;190184113270;236816948159;207434296805;209069940963;229562733398;208857719320;211685616592;209358834156;188033050459;196272068576;218628940951;249000540729;252548179964;245974558654;281791218507;290923534700
Denmark;185007982281;187633263192;173538719988;176991230634;177964167947;164157842126;164791096044;178634843165;218096916362;251374821136;264466895451;282885978374;319423375611;353358901702;321243301145;321995279401;344003137611;327148943812;343584391647;352993631617;302673070846;313115929314;332121063806;356841216410;346498737961;355222449505;398303272764;395403906582
Djibouti;497723960;494004647;502675542;514267869;536080148;551230861;572417440;591122039;622044665;666072101;708633194;768873684;847918929;999105339;1049110684;1128611700;1239144501;1353632941;2042817162;2214679081;2424391785;2604955228;2762581334;2913466732;3088853638;3181071153;3372287461;3515109075
Dominica;274522222;292285185;302988888;322411111;331759259;333470370;340203703;333196296;343311111;367200000;364255555;390251851;421374074;458188888;489074074;493825925;501025925;485996296;498296296;520207407;540737037;576229629;521551851;554770370;611537037;504214814;555266666;612048148
Dominican Republic;16637370839;18241622255;20017449966;21672215776;22136579527;24305781111;25601824419;27137441266;21403168127;22322387609;35777560474;37879829854;43965459071;48122601589;48261079523;53860187452;58029773802;60681535894;62682158700;67179956264;71164826719;75704647977;79998045975;85555390386;88941371980;78844655833;94243426487;113641857434
Ecuador;24432884442;25226393196;28162053026;27981896948;19645272636;18327764882;24468324000;28548945000;32432858000;36591661000;41507085000;46802044000;51007777000;61762635000;62519686000;69555367000;79276664000;87924544000;95129659000;101726331000;99290381000;99937696000;104295862000;107562008000;108108009000;99291124000;106165866000;115049476000
Egypt Arab Rep;60159245060;67629716981;78436578171;84828807556;90710704806;99838543960;96684636118;85146067415;80288461538;78782467532;89600665557;107426086956;130437828371;162818181818;189147005444;218983666061;235989672977;279116666666;288434108527;305595408895;329366576819;332441717791;248362771739;262588632526;318678815489;383817841547;424671765455;476747720364
El Salvador;8921947100;9586327800;10221705900;10936669900;11284197000;11784927700;12282533600;12664190300;13243892200;13724810900;14698000000;15999890000;17011750000;17986890000;17601620000;18447920000;20283780000;21386150000;21990960000;22593470000;23438240000;24191430000;24979190000;26020850000;26881140000;24930080000;29451240000;32488720000
Equatorial Guinea;141853360;232463022;442337870;370687634;621117885;1045998496;1461139022;1806742742;2484745935;4410764338;8217369092;10086528698;13071718758;19749893536;15027795173;16314443428;21357343681;22388344124;21948834290;21765453087;13185496881;11240808846;12200913887;13097012124;11364133546;10099157995;12269393392;11813908447
Eritrea;578015625;693535954;686490090;745523074;688918508;706370815;752371683;729321671;870248293;1109054005;1098424709;1211161879;1317974491;1380188800;1856695551;1589515447;2065001626;NULL;NULL;NULL;NULL;NULL;NULL;NULL;NULL;NULL;NULL;NULL
Estonia;4502970889;4786018988;5154420649;5674080542;5756912265;5686579747;6254649539;7367975887;9874013098;12145911801;14106790200;17022870405;22449129482;24341678629;19633031397;19523477325;23213994093;23019150071;25115753366;26634083965;22890762090;24072829276;26924385103;30624720196;31081901909;31370395572;37191166152;38100812958
Eswatini;1698989464;1602741771;1716714194;1576908808;1547888453;1738093756;1542477308;1432221784;2197598417;2770082791;3178112332;3291329938;3469381231;3294084181;3580427985;4438765109;4820478592;4886551706;4597552948;4422986447;4063245671;3816019222;4402969225;4666598023;4466214522;3982236726;4748702400;4854167638
Ethiopia;7663984567;8547939730;8589233419;7818205971;7700833482;8242349955;8231326016;7850809498;8623691300;10131187261;12401139454;15280861834;19707616772;27066912635;32437389116;29933790334;31952763089;43310721414;47648276190;55612228233;64589329344;74296745599;81770886908;84269196152;95912607970;107657734392;111261882913;126783472501
Faroe Islands;NULL;NULL;NULL;1104744290;1127684827;1067109508;1160268142;1275093662;1501941504;1724770866;1759739599;2017680721;2339015384;2489873331;2296065312;2331796784;2505740886;2427200582;2690110671;2914012852;2573906035;2813278761;2980057167;3188601035;3275684065;3248670978;3649878680;NULL
Fiji;1970301019;2128696643;2090221137;1653146993;1936459986;1678219507;1652462062;1833279985;2300492002;2708078476;2980403464;3076305452;3378314599;3523185919;2870624635;3140167239;3779412255;3972028509;4189968869;4857103846;4682480304;4930213787;5353468387;5581425891;5481692621;4477030179;4296235427;4943248200
Finland;134189814814;132129174216;126912152101;134038718291;135264083658;126019543413;129533107311;140404460203;171652458349;197479443979;204885494686;217089269791;256378067752;285716311136;253497520828;249424310816;275604356167;258290060227;271362405890;274862826772;234534382384;240771351298;255647979916;275708001767;268514916972;271886077382;296387625263;280825957768
France;1601094756209;1605675086549;1452884917959;1503108739159;1493151737698;1365639660792;1377657339291;1501409382971;1844544792036;2119633181634;2196945232435;2320536221304;2660591246211;2930303780828;2700887366932;2645187882116;2865157541994;2683671716967;2811876903329;2855964488590;2439188643162;2472964344587;2595151045197;2790956878746;2728870246705;2639008701648;2957879759263;2782905325624
French Polynesia;4186994271;4166072830;3762859109;3903186594;3911602000;3599845481;3573808550;3965405556;4927780605;5564109988;5705052111;5877997997;6631156410;7136741397;6584557942;6086644790;6203940049;5692858093;6031827089;6151996535;5325846341;5497036486;5833352684;6135116260;6022276207;5731835679;6080359305;NULL
Gabon;4958845649;5694039999;5326817111;4483417313;4662992036;5080483628;5023265411;5335451103;6511903363;7770219003;9582783997;10327598308;12455409574;15571348329;12113699059;14372593013;18210307754;17170464000;17595744803;18203966900;14383107763;14023890263;14929487495;16867326389;16874405460;15314577167;20217946921;21071739227
Gambia The;785999879;848239405;803633368;840285264;814724055;782913866;687410630;578235309;487038679;961900640;1027701055;1054112487;1279703029;1561766955;1450142497;1543294945;1409693594;1415004743;1375609459;1229461731;1378176605;1484578897;1504909447;1670671340;1813609679;1812170878;2038414973;2273060863
Georgia;2693768412;3095047603;3510520231;3613498183;2800026343;3057475335;3219462779;3395766677;3991377904;5125365192;6410912049;7745249283;10172933118;12795147991;10766919442;12243219360;15107482383;16488819132;17190068235;17627336228;14953675992;15141598622;16242647229;17596922469;17470436258;15842922532;18629365612;24605375420
Germany;2585792275146;2497244606186;2211989623280;2238990774702;2194945278872;1947981991011;1945790973803;2078484517474;2501640388482;2814353869359;2846864211175;2994703642023;3425578382921;3745264093617;3411261212652;3399667820000;3749314991050;3527143188785;3733804649549;3889093051023;3357585719351;3469853463945;3690849152517;3974443355019;3888226035921;3889668895299;4259934911821;4072191736089
Ghana;6464389656;6932984635;6891433840;7482072380;7718110780;4982849054;5314871683;6166197191;7632720680;8881419348;10744562614;20885042153;24827333947;28679383241;26048726185;32197648061;39336668080;41271708599;62824629066;54783320576;49406014245;56164933479;60405920071;67298913752;68337974418;70043095503;79156409409;72838798787
Gibraltar;NULL;NULL;NULL;NULL;NULL;NULL;NULL;NULL;NULL;NULL;NULL;NULL;NULL;NULL;NULL;NULL;NULL;NULL;NULL;NULL;NULL;NULL;NULL;NULL;NULL;NULL;NULL;NULL
Greece;136878365936;145861612400;143157600149;144428172489;142588875293;130457756628;136309295225;154564203587;202370140236;240963562236;247875422204;273546728473;318902829550;355908689477;331308500253;297124961971;282995942006;242029307133;238907690051;235458133124;195683527003;193148146586;199844406013;212049447242;205257014892;188925995936;214873879833;219065872466
Greenland;1208953359;1197515637;1072154406;1149858127;1131555107;1068024994;1086170638;1169136691;1558759744;1822499870;1849802648;2013106816;2249811364;2499092396;2529964060;2503167187;2684461607;2609678694;2684947140;2842065877;2499113085;2707146783;2851610655;3055791340;2997331094;3082909157;3235816195;NULL
Grenada;342172518;366911444;392190592;445903592;482009370;520044370;520444185;540336925;591018407;599118592;695555555;698700666;758683592;825976037;771275555;771014814;778655555;799881481;842618518;911496296;997007407;1061640740;1125685185;1166514814;1213485185;1043411111;1122800000;1256413185
Guam;NULL;NULL;NULL;NULL;NULL;NULL;NULL;3394000000;3569000000;3869000000;4213000000;4238000000;4397000000;4658000000;4828000000;4949000000;4984000000;5265000000;5399000000;5610000000;5799000000;5901000000;6013000000;6056000000;6366000000;5886000000;6123000000;NULL
Guatemala;14655404433;15674835615;17790026221;19395491993;18318412251;19288928615;18405221418;20444205991;21576351798;23577298589;26783388709;29744247479;33567850095;38503718526;37126146369;40676579264;46876004265;49593926849;52996447955;57852150564;62186064718;66053402744;71653756504;73328369925;77172313916;77715183063;86053079767;95003333381
Guinea;3693710532;3868968366;3783700461;3588375621;3461282460;2995361112;2829435908;2950198723;3446441784;3635458213;2937071740;4220019242;6281917649;6964179187;6716904516;6853467832;6785137215;7638045225;8376613880;8778473643;8794202394;8595955600;10324668270;11857030366;13442861496;14177835840;16091817842;21227749388
Guinea-Bissau;253966922;270419779;268551010;206457553;224446663;371095522;392621389;417806651;477458577;532062894;587029096;592365659;696910784;868154627;830126428;849878489;1099818592;989271155;1046087367;1054915581;1048229633;1179004911;1350177012;1504630233;1439638411;1431758231;1638517606;1633559092
Guyana;621626785;705406001;749138009;717530683;694754988;712667896;712167448;726131434;743063949;787814379;824880550;2379817986;2730971599;3025187428;3165663152;3432912511;3691384317;4063088529;4167800935;4127660158;4279840193;4482697336;4748174334;4787637005;5173760191;5471256594;8044498801;15357537068
Haiti;2813313278;2907517543;3338949151;3723903723;4153725966;6813565983;6331970412;6205847137;5071947798;6087360734;7030149790;7638739123;9228637766;10432962724;11597002929;11859312627;13008746038;13708925402;14902488489;15146883647;14849629408;14069277532;15093357143;16403864521;15016090929;14508222518;20877414952;20253551885
Honduras;5347445005;5215028986;5737099650;6366340265;6414520529;7186638029;7651162302;7858255253;8230391504;8869299234;9757012869;10917476873;12361257680;13881731631;14587496229;15839344592;17710275997;18528554861;18499729063;19756533658;20979791685;21717604580;23136248046;24067750465;25089937108;23827859694;28488721296;31717700115
Hong Kong SAR China;144652289130;159718180108;177353167213;168885436391;165768095391;171668898538;169404327616;166348873240;161385558801;169099768875;181569303960;193535434591;211596953544;219278739753;214047795659;228638678537;248513617677;262628877166;275696879835;291459983449;309385622601;320860317562;341273289534;361731070995;363074560517;344943149590;368911387845;359838598806
Hungary;46425677734;46658765340;47296961369;48706794878;49073373275;47218411470;53749989092;67608919144;85285075491;104120803140;113211158292;115715618613;140186691233;158325583917;131069277212;132175349953;141942264554;128814279315;135684315697;141033843265;125174166987;128609822750;143112196040;160565642983;164020460331;157227094449;182275444031;178788572067
Iceland;7123637088;7426082270;7569673904;8503689103;8982048417;9025660361;8234846522;9318398443;11429335645;13825309101;16852971986;17465318552;21652505596;18074619561;13154416196;13751161917;15221622925;14751508133;16125060515;17867662177;17517210519;20793168031;24728285177;26260850582;24663643102;21553080483;25552639899;27841648044
India;360281907855;392896860670;415867567334;421351318896;458820417337;468394937262;485441014538;514937948870;607699285433;709148514804;820381595512;940259888792;1216736448906;1198895147694;1341888016988;1675615502766;1823051829894;1827637579584;1856721494834;2039126469963;2103588347241;2294796889945;2651474263257;2702929639861;2835606242052;2671595389575;3150306834279;3385089881935
Indonesia;202132028723;227369679375;215748998609;95445547872;140001351215;165021012077;160446947784;195660611165;234772463823;256836875295;285868619205;364570515631;432216737774;510228634992;539580085612;755094157594;892969104529;917869913365;912524136718;890814755511;860854232717;931877364033;1015618744168;1042271532953;1119099871386;1059054842711;1186505455720;1319100220389
Iran Islamic Rep;96419225743;120403931885;113919163421;110276913362;113848450088;109591707802;126878750295;128626917503;153544751395;190043433964;226452138291;266298911661;349881601458;412336172446;416397025729;486807616896;626133112211;644035512199;492775566435;460382791488;408212917871;457954614595;486630147094;327900695065;283649531542;239735486745;359096907773;388544468139
Iraq;12894029888;10433698621;20764857056;20617405044;36881601583;48364250943;36176430128;32928454672;21921569478;36627901762;49954890353;65140147197;88837055195;131614433712;111657581662;138516722649;185749664444;218002481737;234637675128;228415656175;166774104911;166602488747;187217660050;227367469034;233636097800;180924091443;207691599310;264182173793
Ireland;69139823232;75790786290;82856648758;90199410115;98893958262;100207610429;109346669229;128596035288;164670771259;194372115041;211876989655;232180617162;270079279419;275447471451;236443115853;221913560882;239003132208;225628699653;238340859896;259170903647;291775166506;299091127524;336377500160;385736680797;399321701632;425852281928;504182603275;529244870222
Isle of Man;914762873;1023005862;1180968165;1382605389;1567402513;1563667799;1659131243;1947332921;2328658227;2822358473;3032409189;3422735301;4466353634;5928788780;5486918994;5920366628;6565668780;6690228489;7001180245;7708459145;7084795708;6846373276;6979791187;7491654051;7314966839;6684229268;NULL;NULL
Israel;104893245478;114507654661;118861100787;120057482023;120922450570;136034659581;134637422752;125059962957;131298954868;139973668874;147083996033;158670160184;184052885585;220529762562;211968128528;238364092298;266791854430;262282344091;297732778479;314330061977;303414276832;322102790386;358245427458;376691526553;402470513619;413267669231;488526545878;522033446211
Italy;1174662070605;1312426527795;1241879604365;1270052525928;1252446659833;1146676894209;1168023426056;1276769338449;1577621707050;1806542968545;1858217147203;1949551719389;2213102482751;2408655348718;2199928804118;2136099955236;2294994296589;2086957656821;2141924094298;2162009615996;1836637711060;1877071687633;1961796197354;2091932426266;2011302198827;1897210466667;2114355756913;2010431598465
Jamaica;6577520705;7393891854;8400041802;8787195622;8887058073;9005064474;9194727831;9719009561;9430234851;10174664853;11243865787;11930179173;12799600075;13709401443;12120458140;13220549858;14444661488;14807086490;14264205123;13899225339;14188938780;14077105502;14808984880;15730791525;15830766372;13812421859;14657586359;17097760745
Japan;5545564892181;4923393495138;4492449998031;4098362688659;4635982020565;4968359152795;4374709984220;4182845406488;4519563042183;4893116005656;4831466523976;4601662661030;4579749785984;5106679413137;5289493734900;5759071769013;6233147172341;6272362996105;5212328181166;4896994405353;4444930651964;5003677627544;4930837369151;5040880939324;5117993853016;5048789595589;5005536736792;4231141201863
Jordan;6727597032;6927503526;7245839210;7912270803;8149929478;8460789844;8975812449;9582512830;10195627644;11411706629;12588998589;15056981664;17110442866;22658730357;24537876056;27133804225;29524149154;31634561690;34454440140;36847643521;38587017887;39892551126;41608435915;43370860704;44503005774;43579916197;45116317042;47451499859
Kazakhstan;20374302652;21035357832;22165932063;22135245413;16870817134;18291990619;22152689129;24636598581;30833692831;43151647002;57123671733;81003864915;104849915343;133441649221;115308687202;148047348240;192626464179;207998568865;236634603927;221415614007;184388404428;137278320084;166805788966;179339977517;181667185041;171082365723;197112255360;220623001966
Kenya;9046320196;12045865466;13115764432;14093998843;12896010520;12705350153;12986007425;13147736954;14904517649;16095337093;18737895400;25825512277;31958195182;35895153327;42347217912;45405615233;46869473165;56396704833;61671440480;68285796662;70120446663;74815143796;82036511258;92202979940;100378435824;100657505600;109703659312;113420008178
Kiribati;56336670;66517285;67538482;65333678;69034485;67253134;63099885;72197928;90231027;102370615;112136227;110237144;132674795;141045173;132421058;155305532;180672664;189629948;184543103;177868153;170292283;178507958;188540699;196501504;175181684;177553260;227610034;223352943
Korea DemPeople's Rep;NULL;NULL;NULL;NULL;NULL;NULL;NULL;NULL;NULL;NULL;NULL;NULL;NULL;NULL;NULL;NULL;NULL;NULL;NULL;NULL;NULL;NULL;NULL;NULL;NULL;NULL;NULL;NULL
Korea Rep;566583427334;610169556840;569754543830;383330931042;497512659612;576178114168;547658231279;627246081417;702717332013;793175007858;934901101762;1053216892422;1172614134912;1047339041903;943941876218;1144066965324;1253223044719;1278427634342;1370795199976;1484318219633;1465773245547;1500111596236;1623901496835;1724845615629;1651422932447;1644312785467;1810955871381;1665245538595
Kosovo;NULL;NULL;NULL;NULL;NULL;NULL;NULL;NULL;NULL;NULL;NULL;NULL;NULL;5181776768;5015894693;5343950626;6341614504;6163483291;6735327512;7074392884;6295845465;6682674063;7180768692;7878762812;7899741278;7717143395;9412034299;9429156202
Kuwait;27187006077;31492419238;30350207212;25943736430;30122398833;37718794714;34889597791;38135756834;47874659168;59439090600;80798630137;101557251976;114634060167;147379536212;105968538479;115416745329;154079870424;174048271288;174167626656;162650191195;114585567439;109406169162;120687635952;138202309918;136191752590;105948765156;136797422273;184558274288
Kyrgyz Republic;1661018518;1827570586;1767864035;1645963749;1249061487;1369688498;1525116370;1605643104;1919008090;2211534585;2460246796;2834168893;3802570572;5139958956;4690061344;4794361821;6197765941;6605142864;7335033799;7468102369;6678177483;6813095396;7702938395;8271106196;8871019822;7780873258;8740681889;10930644915
Lao PDR;1763536304;1873671550;1747011857;1280177838;1454430642;1731198022;1768619058;1758176653;2023324407;2366398119;2735558734;3455031447;4223152219;5446434031;5836138127;7131773632;8750107401;10192848926;11983252626;13279248478;14426381187;15912495368;17071162084;18141651381;18740559554;18981800705;18827148530;15724383783
Latvia;5789128636;5975248851;6527926445;7166275467;7533788133;7958852838;8362398701;9557031605;11771975156;14435700533;17003459863;21570076498;31054350978;35854274228;26410909090;23956163076;27474380566;28169902669;30204783461;31386896487;27263090547;28083597512;30483806017;34429023435;34343961072;34601740323;39725383601;41153912662
Lebanon;11718795528;13690217333;15751867489;17247179005;17391056369;17260364842;17649751243;19152238806;20082918739;21159827992;21497336499;22022709851;24827355014;29118916105;35399582928;38443907042;39927125961;44016799515;46880103080;48095213746;49929337837;51147308773;53027680685;54901519155;51605959131;31712128253;23131941556;NULL
Lesotho;1001894000;946112456;998004330;928460865;912773656;887291645;825706961;775777263;1157825409;1511236655;1682343439;1800092519;1682025303;1766820422;1740835819;2234731973;2579421686;2477702252;2367113170;2441063169;2359754087;2114426468;2306741598;2556247155;2436029587;2117736527;2373416268;2553459762
Liberia;NULL;NULL;NULL;NULL;NULL;874000000;906000000;927000000;748000000;897000000;949000000;1119000000;1373000000;1726000000;1768000000;1998000000;2398000000;2791614000;3177198100;3225652000;3227075700;3398419600;3390703400;3422754800;3319596500;3039982500;3509000000;4001047150
Libya;25541383196;27884630117;30700890193;27251275902;35975878804;38270983031;34112079628;20481889763;26265625000;33122307692;47334697611;60094248772;68032985520;86710739534;60808538330;75380800664;48169243831;92540964665;75351117628;57372352562;48717506272;49912085228;67157451660;76686048499;69254143968;46808208747;39798423941;45752336036
Liechtenstein;2428524711;2504012993;2298390594;2479698575;2664105901;2483890593;2491800558;2688617884;3070803439;3454374270;3659320086;4000101033;4601430548;5081479840;4504376589;5082338964;5739705822;5456099685;6391711429;6657526636;6268513139;6237299538;6474310909;6692618410;6436467007;6405765970;7186428783;NULL
Lithuania;7867140395;8382519637;10118631851;11239547691;10971583944;11524776866;12237388001;14259781159;18781721376;22627507451;26097677571;30183575103;39697891351;47797551587;37388122046;37128694028;43535051482;42927454291;46523420074;48533659592;41435533340;43047309305;47758736931;53751411409;54760617012;56914826860;66414994991;70334299008
Luxembourg;20853093869;20895314658;19563836265;20150053345;21899317598;21230182989;21387533703;23649833332;29667268248;35064843792;37672280120;42910146296;51587401415;58844277701;54467289897;56213985987;61696281326;59776383527;65203276467;68804811897;60071584216;62216885436;65712180343;71000359760;69825641851;73992591285;85506243833;82274812250
Macao SAR China;7046147442;7176892950;7267571196;6797792474;6547670439;6774193548;6860272608;7371692468;8246479394;10643253442;12160056754;14874098382;18439981803;21027018551;21587786004;28241799668;36845887225;43189724079;51536592939;54902831793;45048188247;45070807279;50440935654;55284309690;55204960999;25459685019;30123795336;21979475560
Madagascar;3838100902;4931861036;4262965421;4401967634;4277903780;4629247205;5438332600;5351701664;6372498891;5064732625;5859269751;6395712491;8524620890;10725137721;9616879407;9982711338;11551819617;11578975063;12423555457;12522957401;11323020699;11848613859;13176313593;13760033282;14104664678;13051441203;14554754115;14954967604
Malawi;2033701542;3319573821;3875785863;2547609562;2584478943;2537307566;2498008653;5087328437;4669789300;5058726350;5320409651;5818279739;6451210219;7743617352;9009887946;10128323010;11648142958;8773203178;8031571927;8801326169;9219474373;7909868618;8943543677;9880675785;11025371147;12056108780;12602334123;13164667626
Malaysia;88705342902;100855393910;100005323301;72167498980;79148421052;93789736842;92783947368;100845526315;110202368421;124749473684;143534418452;162692260155;193549547954;230811591306;202257458160;255017645207;297951667650;314443061220;323276281683;338066121289;301354783698;301255332137;319109103242;358788833524;365177744321;337339463180;372981073017;406305924656
Maldives;398988955;450382328;508223602;540096397;589239753;624337145;870031653;897031250;1052121054;1226829562;1163362437;1575200390;1868383460;2271646187;2345294875;2588176054;2774350163;2886163937;3295009231;3697353155;4109416450;4379134272;4754185598;5300949823;5609385433;3746329358;5405557161;6189865408
Mali;2706425157;2780422047;2697105821;2920358712;3440724707;2961484953;3468337941;3908121309;4714071978;5454249122;6247515892;6905934219;8156468818;9838403091;10231962382;10689168011;12995112698;12442035328;13242690790;14364937127;13104764378;14026048334;15365713059;17070867577;17280250805;17465392779;19309463506;18827176532
Malta;3461332684;3585755121;3722389055;3958227428;4155187257;4323339212;4355146427;4693495693;5489359280;6116591928;6407287650;6778321415;7925403777;9090376446;8696304529;9035819656;9638733344;9461826174;10550968138;11625843213;11091467513;11667976402;13489296992;15298004130;15881258056;15046136935;17743376199;17765270014
Marshall Islands;120230000;110858000;110705600;112279400;114326300;115347500;122824000;131738200;131398500;132934600;137666300;142745200;149870000;145969100;150624900;160318500;171567100;179855800;185468000;185172900;182997300;200716000;212701200;219330300;232092300;241722400;259538700;279667900
Mauritania;2091726047;2132087061;2071996518;2032347629;1985922807;1779520861;1746063580;1777057503;2051147606;2362501023;2936019525;3919577285;4346212411;5206437120;4714595487;5628878866;6764627665;6728208836;7223071177;6592537781;6166863960;6398741855;6800138755;7473550557;8066118984;8405498735;9996240418;10375460680
Mauritius;4040342060;4421952123;4187375887;4169672974;4343708895;4663321022;4613637222;4841310239;5816559038;6578840498;6488743119;7028810754;8150150144;9990356849;9128843109;10003670690;11518413430;11668696526;12292974007;13074130094;12007291045;12594155346;13713505998;14735695931;14436347115;11401040996;11476433603;12898307089
Mexico;360072506961;410972976953;500416010941;526499723362;600233031001;707909864021;756702925694;772109710670;729335024013;782242912348;877476892365;975383402912;1052697085016;1109987401386;900047015738;1057800597973;1180487226406;1201093787127;1274443916251;1315356131262;1171870072962;1078493059307;1158912015259;1222405556421;1269009571610;1090514966785;1272838810896;1414187193992
Micronesia FedSts;221575300;218534700;206626300;218873100;220140500;233271800;240970900;242517200;245432900;240236000;250281900;253541900;256787200;263145100;280284600;296944100;311301600;327248700;317214400;319271200;316489900;332265200;366666800;401932300;412000000;408000000;404028900;427094119
Moldova;1752979926;1695122173;1930081168;1698717504;1170782957;1288429391;1480673594;1661818168;1980907434;2598249555;2988342907;3408255364;4401173161;6054824433;5439434059;6974982391;8414351671;8709138767;9496717700;9399833207;7798692878;7982450758;9519053158;11253727815;11735774634;11531967881;13692230147;14420947883
Monaco;3130270895;3137848801;2840182221;2934578821;2907075359;2654476597;2673738412;2919691961;3597052153;4117728150;4204651893;4586828062;5875376401;6502945305;5473265701;5367561640;6088690667;5742748405;6555590641;7069351223;6261646949;6472837333;6431274937;7194256778;7383941919;6739642360;8596156573;NULL
Mongolia;1452165005;1345719472;1180934202;1124440204;1057408588;1136896123;1267997934;1396555720;1595297355;1992066808;2523471601;3414055662;4234999702;5623216609;4583850367;7189482000;10409797375;12292770631;12582122604;12226514666;11619892592;11181350649;11480847740;13178094719;14206359016;13312981427;15286441740;16810883360
Montenegro;NULL;NULL;NULL;NULL;NULL;984292969;1159869245;1284685050;1707710053;2073234417;2257174480;2721903148;3680711743;4545674527;4159330369;4142983897;4544429062;4087525609;4465771672;4593852089;4054728172;4376929571;4856602178;5506944403;5542053845;4769995511;5861430525;6095978867
Morocco;39030285468;43161572353;39147844526;46497609536;46266427862;43017455401;43831480206;47077192183;58029361338;66114147932;68852655479;75883820424;86947909744;101822906946;101154952243;100865325482;110080631330;106937397478;115739288446;119130845829;110413820681;111572946646;118540574727;127341141871;128920265075;121347533649;142866583124;134181587769
Mozambique;2899912130;3856799844;4648838896;5263884908;5976402585;5656473652;5398557896;5677013628;6303399757;7631106170;8542083074;9176896597;10450826527;12556173242;11914471512;11104649065;14381552466;16350813487;16974314296;17716091057;15950979333;11936993087;13219079497;14845400592;15390031040;14156864916;15776757419;17851491427
Myanmar;4879257847;5759624742;5633070602;4613071494;5643818689;6849321646;6220270632;6110632857;7754647428;9390855297;10588433068;11863016315;15591182544;23013015832;29455165594;37796052938;54118601974;58318677644;60572257122;63264892768;63045306513;60291738934;61449391917;67144726167;68697761477;78930259068;65124769601;59364362540
Namibia;3978514206;3989163041;4154990250;3873109748;3868551624;3922231976;3557341284;3349169932;4926439275;6609206506;7248375216;8001779551;8839536893;8607431845;8938847363;11431412421;12523359440;13042053857;12043307277;12435430396;11335161230;10722018975;12895153160;13682019171;12541928102;10583748757;12446290854;12607436975
Nauru;NULL;NULL;NULL;NULL;NULL;NULL;NULL;NULL;NULL;NULL;NULL;NULL;NULL;NULL;NULL;47562842;65071849;101055718;94384979;99149259;84863407;97541914;109355653;130995580;125160081;124685686;145536603;150922211
Nepal;4401104417;4521580381;4918691916;4856255044;5033642384;5494252207;6007055042;6050875806;6330473096;7273938314;8130258415;9043715355;10325618017;12545438605;12854985464;16002656434;21573872273;21703100746;22162205046;22731612827;24360801338;24524109484;28971588880;33111525182;34186180694;33433659223;36924841430;40828247302
Netherlands;452301674444;450490196078;416812740004;438008220395;447049523049;417479337444;431586852369;473861980071;580070360702;658380081545;685348181516;733955269898;848558887541;951869997864;871518638049;847380859016;905270626332;838923319919;877172824534;892167986713;765572770634;784060430240;833869641687;914043438179;910194347568;909793466661;1011798853062;991114635529
New Caledonia;3628440524;3606968436;3291131295;3556304834;3647802046;3420032042;3297734885;3740056751;4915353825;5895008984;6238629461;6979155408;8819917187;9067619729;8704438060;9364350065;10351448025;9659151908;10151382876;10635035550;8738203041;8724568970;9173669999;9896402295;9475655342;9454629451;10071349707;NULL
New Zealand;63916899263;70140835299;66073130218;56226503975;58762260625;52622954598;53872463497;66627729311;88250885550;103905628688;114720129550;111538810712;137188946865;133131369930;121373602348;146517541181;168291357111;176206659722;190906575136;201313497220;178064471137;188838342528;206556258844;211886686924;213091987153;212569779569;255551704625;247234053739
Nicaragua;4140470000;4308351902;4389973335;4635267224;4855717874;5107329007;5323146565;5224213017;5322454925;5795568204;6321324455;6763418645;7423365274;8496948184;8298736471;8758619130;9774320144;10531980451;10982954744;11880433902;12756722238;13286066155;13785890939;13025266513;12699028889;12678162359;14145852100;15671583878
Niger;2302537562;2405686938;2290318908;2643363520;2537789819;2241753192;2448714703;2782192880;3394084731;3760443735;4383315967;4756361253;5731485046;7297600218;7352131304;7851192498;8772950783;9426912639;10224897440;10862943546;9683867926;10398861980;11185101444;12808661487;12916454870;13744174582;14915002098;13969605582
Nigeria;44062465417;51075815092;54457835603;54604050168;59372679433;69448962760;74030562270;95054094655;104738980157;135764715375;175670536601;238454952231;278260808841;339476215683;295008767295;366990528103;414466540786;463971000388;520117163617;574183825592;493026782401;404649048648;375745732274;421739210176;474517470742;432198936002;440833583992;477386120635
North Macedonia;4707041273;4642021256;3912986091;3765745000;3863619262;3772859053;3709636012;4018365767;4946296568;5682784433;6258602830;6861227018;8336475035;9909552355;9401736825;9407170388;10494626767;9745261300;10817702423;11362265293;10064519962;10672467073;11307067000;12683068033;12606338448;12363580534;13825049831;13563132057
Northern Mariana Islands;NULL;NULL;NULL;NULL;NULL;NULL;NULL;1284000000;1239000000;1210000000;1061000000;990000000;938000000;939000000;795000000;799000000;729000000;746000000;772000000;832000000;910000000;1230000000;1560000000;1301000000;1181000000;858000000;NULL;NULL
Norway;152030652228;163519897878;161356612878;154230346261;162384295939;171456390282;174240242224;195915371987;229384929368;265267350723;309978579743;346913357588;402645550184;464917553191;387974344023;431052143940;501360549669;512777309841;526014468085;501736471832;388159512245;370956547619;401745275035;439788625883;408742840909;367633418886;490293364377;579267365866
Oman;13802600780;15277763329;15837451235;13996914694;15593456176;19507452535;19452000520;20142756046;21633708192;24763712873;31081991677;37215779713;42085379453;60905452535;48388363589;64993498049;77497529258;87408842652;89936020806;92699089726;78710793238;75128738621;80856697009;91505851755;88060858257;75909397659;88191977373;114667360208
Pakistan;60636071684;63320170084;62433340468;62191955814;62973856843;82017743416;79484403984;79904985384;91760542940;107759683863;120055291992;137264061106;152385716311;170077814106;168152775283;177165547828;213587517187;224383544087;231218467669;244360858682;270556104886;313629998960;339205536454;356128167702;320909472926;300425609206;348262544719;376532751807
Palau;NULL;NULL;NULL;NULL;NULL;146297500;156907900;163184900;153963200;165186200;190452900;192382400;198897700;198283900;187522800;185943000;196911100;212397800;221117200;241669800;280457700;298300000;285600000;284900000;278900000;251900000;217800000;NULL
Panama;9573813700;9870494000;10677286100;11575486400;12130252200;12304115000;12502013400;12994310400;13693981200;15013381700;16374393900;18141666300;21295984200;25155888600;27116635600;29440287600;34686224300;40429700000;45599900000;49921400000;54091800000;57907700000;62202700000;67294169234;69721787533;57086836942;67406738051;76522511780
Papua New Guinea;4636057476;5155311077;4936615298;3789443014;3477038204;3521339699;3081024212;2999511040;3536411824;3927157867;4865892972;8354911622;9545029480;11670891359;11619455043;14250785801;17985138449;21295165200;21261338064;23210823987;21723439625;20758874952;22742696407;24109780113;24751069238;23848442440;26311656000;30633444294
Paraguay;9062131475;9788391780;9965225678;9260481572;8837070235;8855705139;8495806432;7196260656;7691367471;9624440836;10737500188;13429430050;17856393235;24615267617;22355151177;27129301048;33737033607;33296438408;38651334593;40377987314;36211372646;36089550671;38997129809;40225448651;37925338460;35432177936;39950899733;41722295362
Peru;53312793687;55252414130;58147522522;55501467877;50187324567;51744749133;52030158775;54777553515;58731030121;66768703497;76060606060;88643193061;102170981144;120550599815;120822986521;147527631520;171761737046;192649991136;201175541637;200786240836;189802961890;191898127860;211007952315;222597030191;228325852220;201947603715;223717791482;242631549613
Philippines;84644329824;94648084429;94106316500;74492416329;85640170314;83669788254;78921234457;84307346432;87039092439;95002000250;107419977968;127652927611;155980408072;181624627927;175974754207;208368892319;234216730703;261920542606;283902829721;297483553299;306445871632;318627003966;328480738147;346841896890;376823404772;361751145432;394087362017;404284327311
Poland;142293761469;160193242090;159358194732;174685791563;170030647848;172220451787;190905493539;199070432431;217828661056;255107275407;306145913284;344626630395;429020755432;533599853342;439731636116;475696613935;524374222547;495230574356;515762008468;539080532037;477111287969;470024559638;524641206562;588779850763;596058473058;599442783603;679441900610;688176605954
Portugal;118122007430;122630089680;117016535163;123946327916;127470385557;118605192877;121604107165;134795565549;165226175536;189382122532;197253876704;208756449275;240496147317;263416394624;244667762835;238113003233;245117990242;216224240578;226433858005;229901964221;199394066525;206426152308;221357874718;242313116578;239986922638;229031860520;253982847571;251945377529
Puerto Rico;42647331000;45340835000;48187039000;54086400000;57841000000;61701800000;69208400000;71623500000;74827400000;80322313000;83914521300;87276164400;89524131600;93639300000;96385600000;98381300000;100351700000;101564800000;102450000000;102445800000;103375500000;104336700000;103445500000;100958100000;105126400000;103130900000;106368900000;113434800000
Qatar;8137911978;9059340384;11297802115;10255495027;12393131868;17759890109;17538461538;19363736263;23533791208;31734065934;44530494505;60882142857;79712087912;115270054945;97798351648;125122306346;167775268626;186833502362;198727642967;206224598571;161739955576;151732181868;161099122225;183334953818;176371267689;144411363345;179677131707;237295575171
Romania;37430238805;36937074278;35575197534;41696111548;35953162615;37253738081;40395114264;46065502702;57806382692;74973660680;98454374488;122023721512;174588782938;214317174116;174102268534;170029359010;192613558645;179132893143;189789277576;199713780259;177883897811;185287615324;210147181055;243316050520;251017797625;251362534092;285404683024;301261582924
Russian Federation;395537185734;391724890744;404928954191;270955486862;195907128350;259710142196;306602070620;345470494417;430347420194;591016690742;764015982495;989932059220;1299703459800;1660848058303;1222645887209;1524916698232;2045922727569;2208293528674;2292470104248;2059241582146;1363482179761;1276786344534;1574199355092;1657328764645;1693114993990;1493075887459;1836892075547;2240422438363
Rwanda;1293535192;1382334879;1851558199;1989343548;2157024758;2068762706;1966548409;1965932546;2138185328;2376464519;2933765825;3319711249;4070391531;5179804290;5674428927;6124693374;6884907733;7654782978;7820052084;8239042500;8543869360;8695318854;9252833678;9636510839;10346675636;10172925171;11055281971;13312796765
Samoa;224865731;249907893;285475620;269485285;255408053;258856139;266299591;281790139;333426144;407747521;476801793;499923757;573548459;641346191;628006115;680260919;744096948;773141695;797736265;796683672;824150487;843924750;884844419;878448439;912950619;868898350;843850777;832421565
San Marino;NULL;NULL;NULL;NULL;1109098657;1005159388;1077413479;1168269230;1464326160;1723750000;1785847531;1908167105;2185874623;2393437820;2056126701;1881191950;1813717694;1604701051;1678741201;1673910988;1419400403;1468342430;1528621195;1655354303;1616188702;1541247884;1855382833;NULL
Sao Tome and Principe;NULL;NULL;NULL;NULL;NULL;NULL;75951131;85171073;102085765;114582282;136450658;142775109;149146918;188021169;187821029;196652514;231489270;250680845;300554483;346528329;316066072;345495615;375614126;412253809;427425039;472551023;526653790;546680341
Saudi Arabia;143343025756;158662377389;165963594803;146775428759;161717040000;189514910222;184137517724;189605920240;215807655244;258742263029;328459700124;376900135720;415964583059;519796738631;429097899279;528207298529;676634577273;741849984943;753864543430;766605946720;669484381328;665999879694;714994694991;846583785179;838564705624;734271183954;868585871464;1108148978218
Senegal;6326342634;6559712162;6041478722;6505607913;6592834929;6013185003;6507824827;7006402324;8768721560;10076816661;11009033445;11697918245;13994218399;16853989611;16145867483;16121315901;17814283649;17660870395;18918667730;19797253445;17774766696;19040312331;20996562958;23116701539;23403995984;24530513058;27569136728;27684430244
Serbia;16832598870;21818007448;25676487999;19457979423;19388663551;6875845986;12960546471;17120906918;22482365321;26141968161;27683225959;32482070360;43170990616;52194221468;45162894380;41819468691;49258136129;43309252921;48394239474;47062202241;39655949731;40692661657;44179075778;50640662859;51514242775;53356484763;63082021205;63501748652
Seychelles;540733047;535250347;598967022;647287375;662838614;654212432;662064193;742134792;750847276;893012218;977899381;1081441348;1077308888;979597364;851064318;981918002;1059249939;1089880668;1324915221;1387576413;1391427967;1458954109;1529773286;1587813245;1645090567;1183515397;1286687873;1588406479
Sierra Leone;870758739;941742152;850218033;672375927;669384768;635874002;1074851475;1236235826;1369685676;1430217080;1627058706;1862116164;2126679686;2451896681;2419014960;2578159479;2932274242;3789251962;4920343203;5015180836;4252029353;3862721204;3719443317;4085114542;4076578653;4062906363;4249234574;3970343852
Singapore;87812540788;96293097894;100123798454;85728224856;86286866724;96076521349;89793815727;92538355642;97646382412;115033570415;127807810333;148627255181;180941741377;193617346346;194150322022;239807921966;279356526366;295092839974;307576360585;314863580758;307998545269;319029973659;343272878686;376869585632;376837488317;348392174863;423796995372;466788539651
Sint Maarten (Dutch part);NULL;NULL;NULL;NULL;NULL;NULL;NULL;NULL;NULL;NULL;NULL;NULL;NULL;NULL;NULL;NULL;936089385;985865921;1022905027;1245251396;1253072625;1263687150;1191620111;1185474860;1459776536;1240279329;1384636871;1571564245
Slovak Republic;25840146405;27925036755;27706028095;29856000671;30463670123;29242558796;30778781607;35297794385;46919965224;57437444469;62808723476;70767338922;86563986799;100879902985;89399303222;91162836320;99922685424;94623731085;98935222174;101437045019;88900883130;89952699524;95649966261;106137924015;105710052464;106728917483;118656591909;115468803971
Slovenia;21352224019;21507232648;20763101740;22146231967;22711384311;20289627636;20876309970;23489890274;29634713641;34414784504;36206395970;39481045038;48067401207;55779427739;50567734886;48208240226;51583869785;46577793184;48415657264;49997186439;43107506024;44766722790;48589100043;54177882425;54331588482;53706800043;61748586534;62117768014
Solomon Islands;469443201;510586382;526554053;457579824;488024548;419842688;409508556;346406733;417668997;468005324;552864568;617258127;695295347;776337725;805557595;898133646;1063895356;1185283422;1285911568;1335571356;1307909891;1379490315;1469789050;1615478421;1619154958;1536145831;1580303517;1595710784
Somalia;NULL;NULL;NULL;NULL;NULL;NULL;NULL;NULL;NULL;NULL;NULL;NULL;NULL;NULL;NULL;NULL;NULL;NULL;4577000011;5024999991;5335000000;5534000000;5609000000;5856000006;6485000000;6883000000;7628000011;8126105600
South Africa;171735933897;163234919052;168978069551;152982979945;151516952945;151752749926;135429908544;129087560694;197018960968;255806928394;288867202055;303858667884;333077117253;316131245860;329754054488;417363825016;458199486480;434400545085;400886013595;381198869776;346709790458;323585509674;381448814653;404158882459;388531226582;337619569570;419015636064;405869718462
South Sudan;NULL;NULL;NULL;NULL;NULL;NULL;NULL;NULL;NULL;NULL;NULL;NULL;NULL;14586253383;12231264525;14602072411;14907308932;11931472169;18426469016;13962212847;11997800760;NULL;NULL;NULL;NULL;NULL;NULL;NULL
Spain;614609020549;642588992512;590077272727;619214834614;634907542858;598363313494;627830029412;708756677088;907491523174;1069055675273;1153715822717;1260398977831;1474002579820;1631863493552;1491472923706;1422108199783;1480710495710;1324750738725;1355579535912;1371820537888;1196156971279;1233554967011;1313245330197;1421702715218;1394320055129;1276962685648;1427380681294;1397509272054
Sri Lanka;13029697561;13897738375;15091913883;15794972847;15656327859;16330814180;15749753804;16536535647;18881765437;20662525941;24405791044;28279802451;32350238662;40713826320;42066223971;58636160848;67753284135;70447217163;77000578207;82528535572;85140955516;88012281909;94376237831;94493871351;89014978319;84440535698;88496535599;74403578363
StKitts and Nevis;313485185;333944444;374641308;383257331;406595484;421695769;458643829;481077373;469869869;506900000;547203703;644414814;689285185;777691333;774273111;778718518;836092592;825381481;874896296;953170370;957037037;1008100000;1058944444;1076922222;1107844444;884522222;860844444;961563259
StLucia;762962963;788888888;805925925;877407407;921851851;932592592;892592592;900000000;987407407;1066666666;1135555555;1268319185;1336088814;1437731111;1401507888;1482370370;1568370370;1598222222;1660222222;1749296296;1807222222;1865444444;1996703703;2057074074;2094185185;1516000000;1691259259;2065027555
StMartin (French part);NULL;NULL;NULL;NULL;NULL;NULL;NULL;NULL;NULL;NULL;NULL;NULL;NULL;NULL;NULL;NULL;775875858;NULL;NULL;772921756;NULL;NULL;NULL;NULL;NULL;NULL;NULL;NULL
StVincent and the Grenadines;316007407;331488888;347770370;373618518;390718518;427946037;462072333;487763851;509090888;549900185;579948925;643501148;713596666;732663259;714300259;720447888;713796370;730032592;764781259;770901436;786554580;814302267;844039068;884328180;910765709;869111852;872226063;948558503
Sudan;13830369852;9018303128;11681179570;11250220603;10682027634;12257299147;15716361539;18137126092;21355295732;26646007250;35182707173;45263824686;59440139774;64833088568;58315346841;74151157011;78402841445;63196236489;66027147864;76818773784;84984672415;102943515503;129718581297;32333780383;32338079165;27034593750;34229513775;51662241775
Suriname;691590497;861372046;926422500;1110850000;886290697;947671969;834279357;1093574468;1274190311;1484092538;1793410617;2626380435;2936612021;3532969034;3875409836;4368371528;4422276621;4980000000;5145757575;5240606060;5126238146;3317421499;3591679371;3996198760;4016040575;2911807496;2984706243;3620655116
Sweden;267307061910;291745732990;268146349551;270810151170;274071242574;262834187366;242395011586;266848422378;334337040046;385118743610;392218701192;423090618043;491254769728;517706214656;436535921119;495812558843;574094112972;552483727282;586841821796;581964017237;505103781349;515654671469;541018749769;555455371487;533879529188;547054174235;636856236396;585939170123
Switzerland;352845006670;340101207919;294785659876;303456228792;297882566712;279209007352;286580125206;309299934075;362088305988;403914244452;418292704114;441619409123;490754683815;567273005013;554191679308;598851028906;715888126682;686420221558;706234937371;726537808338;694118186379;687895460902;695200833086;725562534363;721369112726;739913619797;800640155387;807706035351
Syrian Arab Republic;50866369710;61546280623;66420400890;70418173719;72970334075;80590022271;86771314031;90558485523;95693808463;112863340757;134203830735;153799910913;180030111358;218089977728;224561692650;252518218262;67539427671;43190317724;21361254648;21502061462;16468399180;12598742886;16369724433;21496337967;22600896352;11159274040;NULL;NULL
Tajikistan;1231567145;1043654822;921517486;1320199581;1086612582;860541842;1080772703;1221106073;1555318430;2076176636;2312352268;2830213562;3719524180;5161299725;4979471963;5642221528;6522755783;7633036366;8448410727;9112606074;8271431932;6992416096;7536403146;7765000282;8300813889;8133963813;8937805347;10492123387
Tanzania;5255221043;6496195824;7683852496;12270448546;12711213451;13375976353;13581644245;14142035080;15224257698;16675948414;18399046025;18649590248;21843529024;27961527622;29081826158;32014247547;34657141720;39650522646;45680532613;49964825081;47378603783;49774004999;53275968094;57003686049;61026765850;66068737757;70655628140;75709289056
Thailand;169278918603;183035238433;150180454390;113675595413;126669212337;126392223203;120296476180;134300903358;152280616469;172895685509;189318407488;221758294724;262942624565;291382985569;281710629173;341104766329;370818735569;397558329542;420333659152;407339036017;401296242133;413366345843;456356812774;506754212433;543976695638;500457261548;505568057004;495340592811
Timor-Leste;NULL;NULL;NULL;NULL;NULL;367087900;477443500;469506700;490439100;440764600;462283600;453805100;542795400;648492700;726882400;881827800;1042411500;1160389600;1395519600;1447310400;1594447600;1650619400;1595724300;1563887900;2028551600;2158392500;3621222400;3163324631
Togo;1779348593;1991429217;2036956850;2157078792;2142574541;2027363117;2014516700;2319268823;2875255592;3071152629;3100356551;3195618966;3618281293;4516616223;4592147227;4660369658;5262368232;5263522037;5872790935;6217047648;5681469374;6031632014;6395472028;7029217931;6992656428;7389329392;8334047485;8126439480
Tonga;208871665;222100576;214991452;191504892;199208752;204848436;181117272;182764299;202246621;230657579;261803692;292230634;298519087;344436494;312377751;366832186;414533045;470705334;450650718;439877675;437003006;420548768;460374252;488906860;512053639;484796858;469228124;NULL
Trinidad and Tobago;5329217896;5759570496;5737771217;6043687133;6808982520;8154342547;8824849663;9008297748;11305459802;13280292692;15982388172;18369361094;21641620049;27871587349;19172165225;22157919433;25433008605;27121712418;28557451149;29489012806;26851970249;23496215880;23797686961;24322359037;23849557811;21059428846;24460196270;27899082337
Tunisia;18030876599;19587155099;20746204100;21802893587;22943202175;21473522938;22065840117;23141611178;27453895158;31183893587;32272178403;34376664600;38915343743;44859452038;43455740497;46206091938;48123314430;47311411909;48685436425;50271812920;45779494041;44360065796;42163530590;42686509835;41905637658;42538462678;46687298709;46664948951
Turkiye;169319354340;181464650312;189878399894;275941726172;256395983758;274294842523;201753110088;240249005455;314595528425;408865358516;506314676837;557075996577;681321173796;770449308781;649289418603;776967457763;838785514058;880555912745;957798998031;938934430070;864313960482;869682954136;858988578709;778476714088;759934804372;720288811761;819034484303;905987824096
Turkmenistan;2482228439;2378759975;2450349634;2605688065;2450564467;2904662604;3534771968;4462028988;5977440582;6838351088;8103901996;10276674364;12664165103;19271523178;20214385964;22583157894;29233333333;35164210526;39197543859;43524210526;35799714285;36169428571;37926285714;40765428571;44220285714;45610571428;NULL;NULL
Turks and Caicos Islands;NULL;NULL;NULL;NULL;NULL;NULL;358744800;366707900;409753600;485598800;578645800;721891500;773489700;862683600;703175800;686787800;728789600;727161000;754238000;841070000;942070000;1032452000;1022365000;1113178000;1197415000;924583000;1044778790;1138808881
Tuvalu;11025679;12335200;12701094;12757405;13687141;15073978;13964728;16842677;19456335;22798266;22909974;24096867;28450156;31874425;28076988;32105394;39196949;39345578;38615887;38760972;36811928;41629065;45276606;48015220;54123195;51746568;60196366;60349391
Uganda;5755818844;6044585326;6269333313;6584815846;5998563257;6193246837;5840503868;6178563590;6606884273;7939487548;9239221760;9977647685;11902564496;14440404136;25127805566;26673441432;27871725245;27305915908;28915786520;32612397253;32387183733;29203988697;30744473839;32927025621;35348155092;37605430214;40510241365;45559202048
Ukraine;48213867647;44558841762;50151522612;41882529044;31580642102;32375081951;39309580983;43956163612;52010352502;67220154164;89238865118;111884752475;148733861386;188110375778;121552148243;141209163012;169333838743;182591746211;190498811460;133503867182;91030968761;93355868977;112090503817;130891086689;153883045524;156617719786;199765856764;160502739236
United Arab Emirates;65743666575;73571233996;78839008444;75674336283;84445473111;104337372362;103311640571;109816201497;124346358066;147824370319;180617467964;222116541865;257916133424;315474615738;253547358747;289787452661;350666058379;384610125391;400218529748;414105366752;370275469571;369255326235;390516804030;427049432157;417989721742;349473015330;415021590687;507534921715
United Kingdom;1346252041210;1421711933486;1561715127635;1654996607708;1689407711357;1666048767079;1648765214387;1785781372553;2056704586736;2423047347028;2544813166100;2709978165671;3092996468387;2931683721186;2417565709974;2491397494468;2666403005061;2706340967030;2786315215250;3065223279583;2934857946213;2699659680997;2683488510504;2878152147315;2857057847953;2704609160088;3122480345924;3070667732359
United States;7639749000000;8073122000000;8577554457000;9062818202000;9631174489000;10250947997000;10581929774000;10929112955000;11456442041000;12217193198000;13039199193000;13815586948000;14474226905000;14769857911000;14478064934000;15048964444000;15599728123000;16253972230000;16843190993000;17550680174000;18206020741000;18695110842000;19477336549000;20533057312000;21380976119000;21060473613000;23315080560000;25462700000000
Uruguay;19297663096;20515457255;23969738387;25385887785;23983945190;22823271520;20898762265;13606515936;12045638209;13686329890;17362857683;19741420466;23797773024;31119603034;32708318594;41950361212;50342405198;54232266358;61337620935;61496186973;57680328702;57480788380;65006047680;65203071110;62048585618;53666908479;61412268248;71177146197
Uzbekistan;13350468917;13948892215;14744603773;14988971210;17078465982;13760513969;11401421329;9687788512;10134453435;12030023547;14307509838;17330833852;22311393927;29549438883;33689223673;49765676402;60178909297;67517349212;73180037913;80845385816;86196264741;86138288633;62081322741;52870108217;60283503705;60224701295;69600614988;80391853884
Vanuatu;249333250;261370044;272771209;262293410;268006972;272014627;257926881;262596534;314471413;364996869;394962431;439358585;516392922;590748431;592622317;670712977;770153591;747839697;758304466;772315986;730870805;780889605;880061831;914736985;936526267;909421043;971636097;983582864
Venezuela RB;77389487771;70543211119;85837678559;91336763255;97972842461;117146466003;122911036746;92893587733;83620628582;112451400423;145513489651;183477522123;230364012575;315953388510;329787628928;393192354510;316482190800;381286237847;371005379786;482359318767;NULL;NULL;NULL;NULL;NULL;NULL;NULL;NULL
Vietnam;20736164459;24657470574;26843700441;27209602050;28683659006;31172518403;32685198809;35064105500;39552513231;45427854693;57633255739;66371664817;77414425532;99130304099;106014659563;147201164066;172595034069;195590647205;213708830776;233451484774;239258340825;257096001174;281353626107;310106472643;334365257920;346615750166;366137590717;408802379068
Virgin Islands (U;NULL;NULL;NULL;NULL;NULL;NULL;NULL;3262000000;3443000000;3797000000;4428000000;4484000000;4784000000;4244000000;4201000000;4324000000;4223000000;4089000000;3738000000;3565000000;3663000000;3798000000;3794000000;3922000000;4117000000;4204000000;NULL;NULL
West Bank and Gaza;3282800000;3409600000;3759800000;4067800000;4271200000;4313600000;4003700000;3555800000;3968000000;4603100000;5125700000;5348300000;5815700000;7310400000;8085700000;9681500000;11186100000;12208400000;13515500000;13989700000;13972400000;15405400000;16128000000;16276600000;17133500000;15531700000;18109000000;19111900000
Yemen;4258788725;5785685310;6838557384;6325141675;7641102523;9652436179;9861560094;10694628091;11777966673;13872791658;16746347681;19061978586;21650532264;26910855852;25130278253;30906749533;32726417878;35401323349;40415233436;43228585321;42444489460;31317824906;26842231204;21606161066;NULL;NULL;NULL;NULL
Zambia;3806982678;3597220962;4303290116;3537741625;3404284652;3600631918;4094441301;4193850445;4901869715;6221109716;8331870169;12756858899;14056957976;17910858637;15328342304;20265559483;23459515275;25503060420;28037239462;27141023558;21251216798;20958412538;25873601260;26311506435;23308667781;18110638619;22147649568;29784454055
Zimbabwe;7111270700;8553146600;8529571600;6401968200;6858013100;6689957600;6777384700;6342116400;5727591800;5805598400;5755215200;5443896500;5291950100;4415702800;9665793300;12041655200;14101920300;17114849900;19091020000;19495519600;19963120600;20548678100;17584890936;34156069918;21832234925;21509698406;28371238665;20678055597
